{
    "naive": {
        "mae": 5407.1193,
        "rmse": 6715.346700467422,
        "mape": 141.70443400773624,
        "r2": -1.0114605332144149
    },
    "xgboost": {
        "mae": 183.1318261985279,
        "rmse": 316.93802121217726,
        "mape": 3.1830479662043323,
        "r2": 0.9955060553074605
    },
    "lstm": {
        "mae": 4095.0199289718817,
        "rmse": 4751.438677397243,
        "mape": 115.92713407232071,
        "r2": -0.0033929166676276434
    },
    "ensemble": {
        "mae": 186.07168603222442,
        "rmse": 314.57204204765685,
        "mape": 3.3660138875267287,
        "r2": 0.9955729005079678
    }
}